,logFC,AveExpr,t,P.Value,adj.P.Val,B
IRF2,5.91975853619151,0.165319067454665,6.24526384598133,2.9953001703047e-06,0.000501508148772917,4.56352781170513
STAT2,6.36801048322052,0.0688013136191269,6.1836890700135,3.44679140050115e-06,0.000501508148772917,4.43922594307392
SREBF1,-4.96151429496147,-0.0584248825739216,-5.64033800676059,1.21229384035114e-05,0.00117592502514061,3.3191572671754
ZNF263,6.8935021093164,-0.120907114402684,5.37543809018583,2.26321385998402e-05,0.00164648808313837,2.75930570316748
MIER1,4.48440146048391,0.0662031351096805,5.07853185073686,4.58948776143084e-05,0.00267108187715275,2.12276963409775
STAT1,4.73948368734891,0.142794817087365,4.99459281263637,5.6116253807801e-05,0.00272163830967835,1.94132101966699
SREBF2,-4.20335908740221,-0.0912122937391226,-4.55419708271541,0.000162197926443221,0.00674279951356818,0.981264428152785
IRF9,4.00975106113984,-0.0111211831084282,4.40157716441334,0.000234702659202862,0.00853730922850411,0.646433722073708
KMT2A,4.19021062416444,0.146599986205676,4.26634876480073,0.000325702714624983,0.0104917478404832,0.349396584984683
IRF1,3.76278288362153,0.0700375956139917,4.22441257244716,0.000360541162903202,0.0104917478404832,0.257266042354
ETV4,3.57643389329264,0.0498674061865484,4.15849288671744,0.000422977490277073,0.0111896772427844,0.112471354334842
RELA,3.87896483663661,0.0691641126517312,4.09204937200373,0.000496825291371524,0.0120435521687794,-0.0334046924123585
FOXL2,3.94607828688099,-0.0542737232168127,4.05913853705551,0.000538028103759905,0.0120435521687794,-0.105620734754818
MBD1,3.39631751759878,-0.0869390844765568,3.81773535039666,0.000964032712251372,0.0200381085189392,-0.63393053574661
STAT3,4.29784370398658,-0.0168062018249855,3.78458340892578,0.00104418367193766,0.0202571632355905,-0.706212230777817
KLF9,-3.99724433530828,-0.0140178190309062,-3.70958898128216,0.00125060983152299,0.0227454663108243,-0.869398023256853
SP1,3.86401060246935,-0.00446675749904093,3.63206309700484,0.00150631327124576,0.0243996234975045,-1.03754841391875
ZNF639,-3.27387420013325,-0.114508819977661,-3.63124890667859,0.00150925506170131,0.0243996234975045,-1.03931111087327
ARNTL,3.32326212080592,-0.0759075984504862,3.58538491305759,0.00168442468975733,0.0257123254453445,-1.13848747067855
SNAPC4,-4.00380175325322,0.0787687224731485,-3.56532901829598,0.00176717013370066,0.0257123254453445,-1.18178067195983
NFKB1,3.19249411476053,0.0587411058003876,3.33942208449613,0.00302362491011612,0.0418988023258949,-1.66568423902234
ATF2,3.07108698009007,0.00828146597480526,3.24684722050446,0.00376073693876212,0.0475812808735417,-1.86163339129838
PRDM14,-3.29670827586522,0.0529103455063153,-3.23504837804414,0.00386641048647867,0.0475812808735417,-1.88649388998212
ASCL1,-2.94564320543912,0.0718971846645182,-3.21648701836512,0.00403851205581202,0.0475812808735417,-1.92554849964678
ZBTB7A,4.47752669203966,-0.171539093450631,3.20943177312484,0.0041058598065387,0.0475812808735417,-1.94037549424218
HBP1,-2.81598181979142,0.0189342706577441,-3.18616822991522,0.00433573599112647,0.0475812808735417,-1.98919422958797
TFDP1,3.18262031386007,0.0812803637925633,3.17844664305704,0.0044147580191946,0.0475812808735417,-2.00537362187129
EHF,-2.71679226253547,0.0349947510307171,-3.12682331908794,0.004980058417417,0.0517570356952981,-2.1132193044761
NEUROD1,-2.66659625890633,0.0712608126701534,-2.97638141266714,0.00705501499171604,0.0704679393429751,-2.42403441373247
MTA1,-3.1962792327587,0.00249529041687877,-2.93852583406204,0.00769566808795043,0.0704679393429751,-2.50135750950027
THAP1,-3.39705328978235,0.136766936616422,-2.93190183020637,0.00781335811960782,0.0704679393429751,-2.51484839784967
PGR,2.68451325967953,0.0602563611373668,2.9225277579616,0.00798285964838071,0.0704679393429751,-2.53391995781498
KLF13,2.9914258916346,0.104255001948188,2.92207091506005,0.00799120961621367,0.0704679393429751,-2.53484879390002
FOS,2.66432602024764,-0.0331269797284799,2.89778151982893,0.00844740066059888,0.0708959552853695,-2.5841503618325
BCL6,2.66483755506297,-0.0667910454824543,2.88490963008544,0.00869914735712252,0.0708959552853695,-2.61021051891223
JUN,2.93312364605786,0.0683278653166966,2.88131940727557,0.00877063364355087,0.0708959552853695,-2.6174708642087
CREB1,2.49621081499033,-0.00247158220897964,2.80335173190928,0.010468678514776,0.0823347418324273,-2.77421615248276
E2F4,4.21039029876948,-0.0976818161059838,2.78818762116896,0.0108334324464555,0.0829612853136462,-2.80449011398179
RXRA,-2.45262105236254,-0.01987131981993,-2.73815585941058,0.0121244351759419,0.0862945846455564,-2.90386365387139
KLF4,-2.42794644851361,0.13153224622701,-2.73407848211177,0.0122358424094408,0.0862945846455564,-2.91192689594482
SOX6,-2.36149286007667,0.0222490051722473,-2.72861622574819,0.012386609933322,0.0862945846455564,-2.92272033349938
ETS2,2.40648926541264,0.034267900897435,2.71615992605785,0.0127370331263716,0.0862945846455564,-2.94729746530824
FLI1,2.43882533104906,0.0159481418845645,2.71565501487028,0.0127514334699619,0.0862945846455564,-2.94829261192989
SMAD5,2.45152711253454,-0.0555539730894296,2.69329392138399,0.0134048576689954,0.0886548541290378,-2.9922797823307
NR2F1,-2.57723853421889,0.0159014034360112,-2.66082016987023,0.0144103589314146,0.0931869877564809,-3.0558588489678
MAZ,-3.21949949268052,0.127816721151492,-2.48588444125919,0.02116414703816,0.132325582813096,-3.39181671709472
T,-2.31124077956047,0.00270109868755518,-2.48137608251629,0.0213721731691255,0.132325582813096,-3.40032047103577
ZEB1,2.17292653852285,-0.0558165990944797,2.45934097085232,0.0224166020973936,0.134421285879125,-3.44176596073229
SP2,2.15852894687893,0.0391923810024196,2.44622870925898,0.0230604329772567,0.134421285879125,-3.46633503434703
MAFK,-2.23276535848282,-0.0169103989483242,-2.44550545884213,0.0230964408727018,0.134421285879125,-3.467688173323
FOXO4,2.16239369950003,-0.033100894143695,2.42501442164859,0.0241385679690686,0.137731828999979,-3.50593530837633
ZBTB33,2.09177593186053,0.0531602339327627,2.38057429194433,0.0265501884094345,0.146033379622763,-3.58827812989081
ELK4,2.31001539566303,-0.0931791893142704,2.37784011428456,0.0267056064596594,0.146033379622763,-3.59331672951814
SP3,2.05203667925665,0.0604895033788126,2.37098490903493,0.027098977661956,0.146033379622763,-3.6059354243581
ETS1,2.37746967533922,0.0457914955403034,2.3437244261535,0.0287167686472301,0.150137527022236,-3.6559120942091
ATF4,2.32433518185319,-0.147852303692802,2.33321935906685,0.0293636123856082,0.150137527022236,-3.67508353612477
LEF1,2.17224023255098,0.0211515312862618,2.33016191534723,0.0295543771727431,0.150137527022236,-3.68065404698211
TAF1,2.08463506562375,0.015244137639506,2.32428415968073,0.0299243181006518,0.150137527022236,-3.69135127635327
FOXJ2,2.30336728139396,0.0877016335034148,2.27937257831216,0.0328945899497034,0.162242808057012,-3.77257137791984
TBX21,2.23150249230907,0.0855387537664107,2.23540841381214,0.0360614819877211,0.164735210949812,-3.85117333208357
RBPJ,2.15033759859799,0.146047473883583,2.23321236054415,0.0362267403348195,0.164735210949812,-3.85507561426936
NCOR2,2.34023297771308,-0.110968878693929,2.23155980865188,0.0363515539798337,0.164735210949812,-3.85801060076577
MYCN,1.98590804226055,-0.107389335689839,2.21930197789316,0.0372896687922845,0.164735210949812,-3.87974002468449
NR4A1,2.02082130550283,-0.00874624580772933,2.21576199108054,0.0375646652910983,0.164735210949812,-3.88600188792423
NANOG,-2.33737048341973,0.219684771649389,-2.20394293308007,0.0384962275421093,0.164735210949812,-3.90686458978379
NFE2,-1.97589288291488,-0.11525506463398,-2.20074767790553,0.0387516560618908,0.164735210949812,-3.91249310670742
TEAD4,-2.14845772963014,0.20128715864666,-2.19300529137485,0.0393769832251654,0.164735210949812,-3.92611080558529
E2F5,1.97263236939085,0.0731179978060284,2.1919506454322,0.0394628692946694,0.164735210949812,-3.92796349649159
PAX5,-1.96642852830599,0.0581703553123109,-2.19105246793852,0.0395361473255426,0.164735210949812,-3.92954088940066
RUNX2,2.01202417978312,0.0657294639992739,2.18861761405428,0.0397354174470142,0.164735210949812,-3.93381502191556
MNT,2.30768873550459,-0.0589848340303546,2.18306663155944,0.0401931270702289,0.164735210949812,-3.94354827684152
FOXO3,1.92648151973921,0.0185570043833652,2.16603956594758,0.0416270989238583,0.166375693508641,-3.97330884047898
FOXK2,-2.19035800144853,0.228316561076623,-2.16459784408275,0.0417506205159613,0.166375693508641,-3.97582211031811
STAT4,2.00853126503987,-0.105245074773649,2.15813301366702,0.0423085956001355,0.166375693508641,-3.98707908229835
HNF1B,-1.90754334827495,0.00759678794448216,-2.13405739771874,0.0444463885436147,0.172451987549225,-4.02881581123526
POU5F1,-2.17879135290787,0.217421663895381,-2.09452551045409,0.0481688085790455,0.184435832848714,-4.09670401184164
E2F1,1.89348997819607,0.0789188760977954,2.08638744743976,0.0489690587519682,0.185064884374322,-4.11057881786965
KLF5,-2.51998489196367,0.0527878828277835,-2.06519296748073,0.0511095164940656,0.190677811535552,-4.14655016441143
TCF25,2.02985902877266,0.0108251580591565,2.05324922521066,0.0523523249892989,0.192842108504886,-4.16671602232596
MYBL2,1.88591626056107,-0.0695162751994384,2.03677327004439,0.0541110957826694,0.194504654618778,-4.19440848427233
GATA1,-1.85765938509154,0.0546727356905247,-2.03202829808645,0.054627306047105,0.194504654618778,-4.20235654921275
ZBTB11,2.02884449189157,0.0266418367519462,2.03036886859064,0.0548088717482467,0.194504654618778,-4.20513329342235
TEAD1,-2.14893303030711,0.174359090282781,-1.98926402580709,0.0594814487653971,0.208543392659404,-4.27343315193902
ARID3A,-1.79132947875174,-0.0376764434826306,-1.96100693699789,0.0628955280928865,0.217888079464643,-4.31984085370654
STAT5A,1.98961343347318,0.000344307279566543,1.94535966420392,0.0648597200508102,0.221213577029302,-4.34534500984624
MAF,1.83732681872704,-0.0639057834330426,1.94131765653758,0.0653758337612371,0.221213577029302,-4.35191057313262
FOXO1,-1.69377373505767,-0.0697137916138712,-1.92856411040517,0.067028130533445,0.224197540060144,-4.37256515496386
RFX1,1.90215945485838,-0.111045819971215,1.91217917796402,0.0692048112943075,0.228847728257312,-4.39896308139398
NFE2L2,-1.86664551185038,-0.0158176846580369,-1.90376572432055,0.0703464717422397,0.230009250303278,-4.41245745745757
GRHL2,-1.68071334042097,0.116245128737048,-1.88333808607368,0.0731874335936666,0.236639368619522,-4.44504880416274
FOXM1,1.74476960984029,0.0092797887137502,1.87118865465169,0.0749243350470887,0.239593203282449,-4.46431579928317
TCF7,1.67156732848513,-0.00558657738525642,1.84977651752671,0.0780732321797651,0.246809505474843,-4.49805763470995
ESR2,1.6761768007562,0.143402945637719,1.84443003067259,0.0788772646362899,0.246809505474843,-4.50643981346781
RUNX3,1.71693294023589,0.182870588635176,1.8277190020218,0.0814369970219405,0.250110939388897,-4.53252766581814
RUNX1,-1.66977605098265,-0.00398621513537789,-1.82634049880854,0.0816513376011862,0.250110939388897,-4.5346720899783
BCL11A,1.78186580831468,0.189626273239901,1.80271205043292,0.0854021123258982,0.258875152987879,-4.57124799823941
NR2F6,1.66926421128615,-0.0111478440271707,1.78789555387976,0.0878293820080115,0.261383901152842,-4.59400770274983
MEF2C,1.59933742675492,0.11193816641407,1.78670974300003,0.0880261935153902,0.261383901152842,-4.59582334140916
ATF1,1.55176282173208,0.0558607884763926,1.73828910770172,0.0963938708517869,0.283339559776464,-4.66920773909349
SPI1,1.49177843400537,0.0263687376694534,1.73211617002269,0.0975081351068817,0.283748673161026,-4.67845636407829
REL,1.50676731386471,-0.0141757616252297,1.71586517727875,0.100494367514229,0.28954317768951,-4.70268755196229
NR2F2,-1.60243557778819,0.116762309984896,-1.69960427138988,0.103560159008386,0.294120697503017,-4.7267627998573
HHEX,-1.47272338765887,0.00465304948814451,-1.69501509829613,0.104439658207483,0.294120697503017,-4.73352625640086
CEBPA,-1.49710020780226,0.0871494046402589,-1.69151189490036,0.105115300825821,0.294120697503017,-4.73867997824874
GATA6,-1.46548259961936,-0.0393929347122123,-1.67552746830524,0.108245416097803,0.299994438899624,-4.76209337259453
MTA2,-1.81373704936431,-0.0244354115684593,-1.64095385492335,0.115286381727787,0.316493746064019,-4.8121579534321
ZNF274,-1.55868777741552,-0.181105273024991,-1.63386996892334,0.11677567178593,0.317586172800987,-4.82231741250975
TP73,-1.51417534350128,0.140610696850379,-1.61909272357501,0.119934470704515,0.320031918147805,-4.84340170656682
POU2F1,-1.41031459344272,0.0216408463681538,-1.61454193309053,0.12092156378177,0.320031918147805,-4.84986508902027
MITF,1.44556556587083,0.0106913501885303,1.61429984303684,0.120974264591954,0.320031918147805,-4.8502085306277
E2F6,1.47911121897583,-0.0632464080733692,1.60215123847306,0.123643705188941,0.324147010900738,-4.86739201764426
RCOR1,1.59802586809026,-0.0868067983242327,1.57686978317143,0.129356743093506,0.336096537859019,-4.90282765857157
WT1,1.39922823474313,-0.0461469700588654,1.55747150419446,0.13388766201117,0.341853502761004,-4.92971827968553
PBX3,-1.42600914811466,-0.00747087556863206,-1.55732662299468,0.133921990772352,0.341853502761004,-4.92991813629937
SIX5,1.6839326349813,-0.0756190758995308,1.54900907498594,0.135905034638247,0.34389882678026,-4.94136724900965
NFKB2,-1.40374709290585,0.0667887190015163,-1.50436952449277,0.146966126507827,0.368682265636015,-5.00198276964167
STAT5B,1.46417309310706,0.0234140511507525,1.49765602226965,0.148691763294073,0.369823103577565,-5.01097670957101
CUX1,-1.33039755686392,-0.0516290584717963,-1.48123202415394,0.152983243251477,0.377272235476099,-5.03284351535508
BACH1,-1.29265045845384,-0.0923524576309375,-1.46538407740944,0.157219289416797,0.378273057793344,-5.05375918674313
FOSL2,1.31797740690994,0.120977447004979,1.45888910123277,0.158982628144979,0.378273057793344,-5.06227852218362
SNAI2,1.41638993121954,-0.174542768385207,1.45638569966477,0.159666546990998,0.378273057793344,-5.06555399972156
EBF1,-1.36939121244996,0.0643218720777116,-1.45595448042481,0.159784594420464,0.378273057793344,-5.06611775112805
IRF4,-1.45639464879896,0.0162212905721701,-1.45503525168868,0.160036471577697,0.378273057793344,-5.06731904631545
MTA3,-1.43193629038067,-0.0383261849225095,-1.44788358820613,0.16200708353912,0.378273057793344,-5.07664416619558
SOX9,1.25421311615857,-0.0485676876122635,1.44614740817156,0.162488426887175,0.378273057793344,-5.07890235470657
SMAD1,-1.34554275822953,-0.00303643589099948,-1.43945221983026,0.164355441871783,0.379582806227689,-5.08758990108039
SMAD2,1.28734917683774,0.060044355304709,1.42602941294253,0.168150590656389,0.385009845562647,-5.10490798704927
AHR,1.35181448725634,0.0759429146956009,1.41557880098285,0.171153886670767,0.385009845562647,-5.11829941499924
E2F2,1.49684171771339,-0.132574524184961,1.4092200367964,0.173002210572448,0.385009845562647,-5.1264079923098
HIF1A,1.50162728996631,-0.13906701822192,1.40839018471549,0.173244600664194,0.385009845562647,-5.12746399142692
ATF3,-1.28330776435863,-0.188071182697694,-1.40813023979892,0.173320583397618,0.385009845562647,-5.1277946700145
TFAP4,-1.26643676285949,-0.0715858140915178,-1.38537834791813,0.180074896179229,0.396983293849663,-5.15654255309686
MYC,2.24785690505611,-0.0715893609871475,1.37008587415157,0.184731251422112,0.40418642228447,-5.17564733200875
BATF,-1.25776173612971,0.10216607699152,-1.33167756595926,0.19684666384734,0.427480441638627,-5.22285036679371
TWIST1,1.17092758131978,0.0651004500369404,1.32464660976724,0.199130541789879,0.429236945635961,-5.23136945696711
NCOA3,1.38654386127107,0.100945956277833,1.29683653169623,0.208367662366081,0.445845512856836,-5.26469272761506
THAP11,-1.24814636929065,0.0751874304807192,-1.26741264268804,0.218499212176443,0.460752409829882,-5.29929627113464
ARID2,1.28888502421513,0.0908505822634135,1.26400464818307,0.219696785738544,0.460752409829882,-5.30326044765031
MAFG,-1.1554300538294,0.0103287614768609,-1.26265633475836,0.220171974713658,0.460752409829882,-5.30482628686714
PPARG,-1.07621120973377,-0.0752878891068168,-1.2507637253644,0.224397545347748,0.460752409829882,-5.31857560009845
KLF3,-1.1890799786152,0.0205891265351862,-1.24969967990486,0.224778616823885,0.460752409829882,-5.31980033363788
OTX2,-1.221936505773,-0.0243845429638915,-1.24954373049602,0.224834509264066,0.460752409829882,-5.31997975882943
SOX10,1.13635740779572,-0.0422825815909041,1.24412437554306,0.226783420431669,0.461496331088222,-5.32620297794587
MYB,1.08333753421298,-0.0420929794105279,1.22770292452002,0.232767652438043,0.470384630968546,-5.34491819322103
ELF3,-1.13620967105472,0.0313712109014055,-1.21900790757038,0.235984444473852,0.47359636787511,-5.35474091917455
SP4,1.06443852544522,0.137480554164701,1.20675889312595,0.240573023883067,0.479498287328579,-5.36847614139534
HNF4A,-1.1152385748116,0.0140356432051148,-1.18834326119584,0.247597810205292,0.486334084692239,-5.3888996580333
CREB3,-1.20868622676326,0.0206785921994508,-1.18433899608187,0.249145425840069,0.486334084692239,-5.39330435527204
ZFX,1.01385037659043,0.0340460601475896,1.18172082842836,0.250161233322021,0.486334084692239,-5.39617733965642
NR1H2,-1.22173336046196,0.0130522096645965,-1.18036709727095,0.250687672521773,0.486334084692239,-5.39766065063821
GATA4,1.04960847779913,0.00844284217708977,1.17287221990057,0.25361726678598,0.488759103541193,-5.40584609305847
CEBPD,-1.08439225317075,-0.00649128501459503,-1.16004677498199,0.25868953081889,0.492487266517051,-5.41974748510325
TCF12,1.14650680846239,0.0381482649676049,1.15308730914469,0.261473206204475,0.492487266517051,-5.42723473909118
AR,1.1259827331834,-0.124312323897672,1.14613295034529,0.2642769193045,0.492487266517051,-5.43467699022052
NR5A2,-1.01782450630815,0.116953846938915,-1.14571408308347,0.264446495447331,0.492487266517051,-5.43512398064194
NONO,1.0274939874597,0.0285788494574129,1.14285365191006,0.265606672408594,0.492487266517051,-5.43817262348752
ZNF592,-1.14623831913941,-0.0133111290467114,-1.1426087231737,0.265706188464526,0.492487266517051,-5.43843335660574
ARID1A,-1.04166544296424,0.114463175516049,-1.11988084828621,0.275060569022002,0.503966964719198,-5.46241331746133
PDX1,1.05195912205178,0.0133440799143289,1.11915462045413,0.275363393093995,0.503966964719198,-5.46317253889109
BACH2,1.02952652568667,-0.0800973630172421,1.11242550912797,0.278180900997467,0.505941513689144,-5.47018663565552
PAX8,0.945279699655581,0.00703688471316229,1.05758405270072,0.301927796558735,0.545720427320446,-5.52594624266218
SOX13,1.04115871624444,0.0367429742137331,1.04830780754628,0.306083509460799,0.549816674401805,-5.53512855778069
MEF2A,0.992112431305425,0.0205304840369462,1.01259415399933,0.322461075703155,0.575682043126491,-5.56980037161419
MYOD1,-0.939778595034899,-0.0620440803919539,-1.00549797877227,0.325786896743743,0.57807309117335,-5.57656026070037
TAL1,0.917964952706147,-0.0443061762679691,0.997272561066446,0.329671756692505,0.581353777720481,-5.58434197723133
FOXP1,-0.998288939324353,-0.107322689207531,-0.99314898054688,0.331631364610309,0.581353777720481,-5.58822130061228
TFAP2A,0.879280922128043,0.0315645794507835,0.976908114188118,0.339427625230731,0.591457718216423,-5.60335804076392
EGR1,0.891788456313835,0.1996256356373,0.969669619246787,0.342942634924564,0.59213450701032,-5.61003121174028
MXI1,0.875430082524225,0.0395352991459006,0.967736255558575,0.343885675892592,0.59213450701032,-5.61180592258857
TCF7L2,0.849860180669948,0.151055163247804,0.945673699863945,0.354772605649787,0.606997903698676,-5.63182871800701
HOXA9,0.848831367465804,0.0661438799908638,0.938022974890158,0.35860176938284,0.606997903698676,-5.63867335887613
E2F7,0.901120262719628,-0.043431109861471,0.933899149172348,0.360677232002616,0.606997903698676,-5.6423415387085
TFAP2C,0.857891240449124,0.0849178739158604,0.931274784477009,0.362002231120458,0.606997903698676,-5.64466820773127
USF2,0.802387787421985,-0.00388411089079319,0.929407062510374,0.362947200149724,0.606997903698676,-5.6463204006067
ELF1,-0.79932908888746,0.0690298264660706,-0.919985439280422,0.367739223083356,0.611497793812895,-5.65460829743259
NFIC,-0.843287193552672,0.0574015707221792,-0.912031038376912,0.371817689849391,0.613289221126638,-5.66154499526549
GATAD1,0.957035356076033,-0.0207308499137804,0.909674727772248,0.373031588107955,0.613289221126638,-5.66358917576442
ZNF143,-0.80760094548845,0.0513027563371925,-0.897001048051118,0.379605684599703,0.61920092665548,-5.67450029052868
PAX6,0.76981675435876,-0.0247296681903799,0.886582555617844,0.385066758643503,0.61920092665548,-5.68336385517034
FOSL1,-0.827426245809956,-0.0360252517370068,-0.885191645182851,0.385799706849873,0.61920092665548,-5.6845399241858
EOMES,0.795865224363787,-0.0636004863532427,0.884576812041045,0.386123987278904,0.61920092665548,-5.68505924451957
USF1,0.837484767097514,0.0284192288510591,0.878904888931307,0.389123919300023,0.61920092665548,-5.68983427743759
HNF1A,-0.88271468624489,-0.0543138858577302,-0.878394904252495,0.389394397175095,0.61920092665548,-5.69026222403919
MAX,-0.861743506560936,0.0459454213980754,-0.868859085301449,0.394474393803147,0.623267684620569,-5.69822162487931
GABPA,-0.764596049379498,-0.00148742324974025,-0.863550207271874,0.397321102411943,0.623267684620569,-5.70261789522255
LHX2,-0.831485912426852,0.0735732538811862,-0.86158676846918,0.398377282953353,0.623267684620569,-5.70423747003339
ATF7,0.77184275197823,0.00938901043551923,0.844359511627526,0.407721709140662,0.633270294380121,-5.71830045650283
NFYB,0.73897802272127,0.0608162242857551,0.841797833157606,0.409123076781659,0.633270294380121,-5.72036899917271
SSRP1,-1.02032132650305,-0.0278877626733514,-0.801337653063242,0.431661855704585,0.66067558293238,-5.75226015981886
TEAD2,-0.75531487010228,0.0162690759071614,-0.799033777388021,0.432968071461482,0.66067558293238,-5.7540317785041
ZEB2,-0.770419925175034,-0.135423895369046,-0.787104298798158,0.439770738091856,0.66067558293238,-5.76312851564844
ESR1,0.730037063576976,0.157355175058528,0.787061240686578,0.439795409973135,0.66067558293238,-5.76316111613765
NCOA1,0.788650064242462,0.0703622781590006,0.785843013942186,0.440493794464017,0.66067558293238,-5.76408277370113
RARA,0.728727047067626,0.0415984354567448,0.777504753828099,0.445292197915312,0.66067558293238,-5.77035503689647
SOX2,0.819701319135311,0.120794648031014,0.777069619518529,0.445543476976029,0.66067558293238,-5.77068062563578
RFXANK,-0.696243601294156,0.0124325659644502,-0.774098598513445,0.447261477105426,0.66067558293238,-5.77289909607095
RFXAP,-0.696243601294156,0.0124325659644502,-0.774098598513445,0.447261477105426,0.66067558293238,-5.77289909607095
NFATC1,0.740461299281777,0.0450127907274458,0.764125167526179,0.453058057850833,0.664837390400908,-5.7802876398742
TP53,-0.756006151652416,-0.061949686207074,-0.759154633938802,0.455963825063539,0.664837390400908,-5.78393613522839
XBP1,0.697147841529673,0.0365355549830155,0.756736230354445,0.457381670915564,0.664837390400908,-5.78570316464368
SOX11,0.752184571753223,0.0854698349151629,0.753611428505387,0.459217578936709,0.664837390400908,-5.78797843511495
JUNB,0.69853131234426,-0.0449739383726854,0.746530900582363,0.463393903727436,0.665932226780071,-5.79310103133153
NR5A1,0.72547901567753,-0.146357670465999,0.744576486578823,0.464550659918744,0.665932226780071,-5.79450694060002
POU2F2,-0.657425589804834,0.147934158842186,-0.72969105356161,0.473417138079317,0.672137519821931,-5.80510012334831
PRDM1,0.664939362016803,0.236415294937572,0.727424128431691,0.474776124293993,0.672137519821931,-5.80669556422654
KDM5B,-0.632388489735471,-0.0278154115016485,-0.723717413813916,0.477003175296105,0.672137519821931,-5.80929415783848
ESRRA,-0.640107008679094,-0.054606226275433,-0.721864971749521,0.478118441935188,0.672137519821931,-5.81058808626384
RFX2,0.631556977344568,0.0457542176295712,0.714858766819074,0.482350316614231,0.674826644878564,-5.81545339857343
SIX2,0.643081500484239,0.0570464594179606,0.68628782222767,0.499831554592606,0.695937714767696,-5.83482571464951
E2F3,0.618403659493761,0.0164805799854253,0.682222237655631,0.502348072589864,0.696110900588812,-5.83752107452267
ETV1,0.595615432759312,0.0895451777987564,0.678294118229498,0.504786302660132,0.696174474284827,-5.84011076181014
GATA3,0.6519867715706,0.168801165120031,0.671484183209053,0.509029090741327,0.698714459460972,-5.84456645277897
CDX2,-0.614758244209559,-0.00136117651478311,-0.654834061602206,0.519486332725756,0.706358346220462,-5.85527916386146
GFI1B,0.593855278672039,-0.00226689490550444,0.651654992933846,0.521496393482201,0.706358346220462,-5.85729526504305
MAFF,-0.589971182960672,0.0283466292324246,-0.64634906446288,0.52486074642907,0.706358346220462,-5.86063920732036
HNF4G,0.600982045002349,0.000340718165401761,0.641517254539593,0.527934795400453,0.706358346220462,-5.8636615115423
CEBPG,0.578622190108536,-0.00347758163961936,0.634272623396049,0.532562254770723,0.706358346220462,-5.86815220831448
TCF4,-0.593165202783885,0.0225363177726288,-0.634195338656992,0.532611738141066,0.706358346220462,-5.8681998501684
YY1,-0.565417670280298,-0.00238535874264437,-0.628409637360396,0.536323231937588,0.706358346220462,-5.87175056583455
TBP,-0.557451244700863,0.0357065876523661,-0.628270961261284,0.536412362603771,0.706358346220462,-5.87183528793243
FOXA2,-0.560543124562283,0.0572432973094144,-0.62822179115041,0.536443967404543,0.706358346220462,-5.87186532335905
NR3C1,-0.578959783877191,-0.052339921543564,-0.624110331984793,0.539090211865951,0.706516187296822,-5.87436879302682
ARID1B,0.572694413249065,0.132134848734374,0.620500092093424,0.541419621193097,0.706516187296822,-5.87655402043216
CLOCK,0.543555220503072,-0.115059005171759,0.616469935084452,0.544026313465645,0.706748469725459,-5.87897899347944
VDR,0.556580596471431,0.00785236005792614,0.609787216368345,0.548363355760878,0.706869389883448,-5.88296646587654
POU4F2,0.609699382730269,-0.00746864463926718,0.608361219841126,0.54929118081768,0.706869389883448,-5.88381191022844
HOXB13,0.532254515273223,0.0862283032470196,0.605114564454854,0.551406706197741,0.706869389883448,-5.88572966364569
BCL3,0.563078236042048,0.0768208481456534,0.576243306496236,0.570405934119408,0.727387773508503,-5.9023472937216
NR2C2,0.684923129869232,-0.0220460527180444,0.573224462601906,0.572411684307379,0.727387773508503,-5.90403949119985
DNMT3B,-0.522796191410143,0.166987720881759,-0.553756266874359,0.585432017511302,0.74069876998169,-5.914745335642
RELB,0.50142371239141,0.0365787971941137,0.545411156492662,0.591058011865786,0.744579573389366,-5.91922452518485
STAT6,0.483096661358155,-0.033102659042309,0.525500401337447,0.604587668204541,0.755515440908299,-5.92964442258032
PBX2,-0.496584595929559,0.134486256617151,-0.523540864762456,0.605927212351388,0.755515440908299,-5.93064952976937
PPARA,0.464467753854486,0.00476685723264922,0.521156800777244,0.60755887971668,0.755515440908299,-5.93186746024879
ONECUT1,0.488022352446117,0.0146878070933024,0.515221273884883,0.611630280474881,0.755515440908299,-5.93487618068825
ERG,0.558086692202911,0.00476299339204412,0.511482722011672,0.614201316155729,0.755515440908299,-5.93675401595808
FOXA1,0.43840318821083,0.0464553487098764,0.508211567872196,0.616455092216122,0.755515440908299,-5.93838614643258
MAFB,0.492012336199986,0.0945606595448627,0.506098578617508,0.617912972289262,0.755515440908299,-5.9394349864741
NR1H3,-0.385755515426053,-0.0151166172402479,-0.439134047937423,0.664925150264279,0.802897995726792,-5.97045987800408
REST,0.382596103009819,-0.0315260664866496,0.435742810052493,0.667346128227282,0.802897995726792,-5.97191643150312
SPIB,0.396433891475331,0.0580208981384781,0.434553422445497,0.668196103375075,0.802897995726792,-5.97242465385987
BHLHE40,-0.379087321931476,-0.0441153848568993,-0.432108891489572,0.669944474830394,0.802897995726792,-5.9734649136323
MEF2B,-0.396866449609607,-0.110279651226159,-0.431386913885912,0.670461212926497,0.802897995726792,-5.97377104588491
NCOR1,0.434679741347444,-0.145818235494221,0.424183767152163,0.675625798994143,0.80379048549594,-5.97679778172796
HMBOX1,0.401884858516502,-0.146355263693799,0.422645546081902,0.676730821122011,0.80379048549594,-5.97743764822811
GATA2,0.405360867114838,0.0418657041384576,0.414750240401152,0.682414314538393,0.805162978958836,-5.98068595888065
TCF3,0.378568031376627,0.0443077563439668,0.407807089776058,0.687428393619079,0.805162978958836,-5.98349274948832
SMAD4,-0.363120569311034,0.0592968712635386,-0.405597575772665,0.68902712668601,0.805162978958836,-5.98437617418869
HINFP,-0.392589229321251,0.0281484127869078,-0.403648709380079,0.690438499168544,0.805162978958836,-5.98515146449056
CREB3L1,-0.397521090826939,-0.0471068128598956,-0.401879486737824,0.691720772301406,0.805162978958836,-5.98585210678403
SRF,0.343210736314449,0.0129515138300792,0.397256611849365,0.695075738956071,0.805844781020783,-5.98766854151253
NCOA2,0.355094561630104,0.0129526590163996,0.381400135767529,0.706631574433408,0.815991222857625,-5.99374161081211
ARNT,-0.388009491045607,-0.0745495145301603,-0.365238010879231,0.718485121364168,0.825142981172118,-5.99968071362804
ZNF217,0.338358331599487,0.053784813202843,0.362870214129971,0.720227894218962,0.825142981172118,-6.00052949849099
ZNF740,0.371560279453913,0.0848943026021106,0.355453259390601,0.725697049421171,0.828148397574749,-6.00315297483588
KLF1,-0.36479619743991,0.0196507871374257,-0.344788724199281,0.73358717751791,0.833882299444186,-6.00683135151378
NFE2L1,0.295008576166062,0.106220144517409,0.334593776498073,0.741158171598928,0.837129279263441,-6.01024419996406
SMARCC2,-0.297298111360079,0.0535285674315278,-0.333197630632215,0.742197092955215,0.837129279263441,-6.01070368567292
LYL1,0.303866865549395,-0.0387925380183297,0.327109213185283,0.746733556819381,0.838994073492046,-6.01268522530695
ZBED1,0.293920820161432,0.0278400007553638,0.321428153788161,0.750974994492345,0.84051432075874,-6.01450156897326
HSF1,-0.335452617469056,-0.0125064150749025,-0.308656370880334,0.760539597005294,0.847957941488661,-6.01846989753506
MEIS2,0.316306828312722,-0.0437431303020098,0.294404325140595,0.771259143494867,0.856627521973306,-6.0227099466419
PKNOX1,-0.249556979045744,-0.000917016340296894,-0.288749242610823,0.775525693841251,0.857684920252998,-6.02433729262094
TP63,-0.272650979895628,-0.0521511677062206,-0.285333985369276,0.778105907033648,0.857684920252998,-6.02530492798073
CREM,0.245727944040984,0.0506967743274122,0.277357067973904,0.784142601641777,0.861077347463234,-6.02752050350858
BHLHE22,-0.288555909492132,-0.028471924250422,-0.267468073188483,0.791645612380983,0.86393744141612,-6.03018058476066
DUX4,0.244787498483607,0.163749119101477,0.253441205840821,0.802323499716463,0.86393744141612,-6.0337892144147
EPAS1,-0.238900457910243,-0.00599723695285708,-0.252242845671858,0.803237614004806,0.86393744141612,-6.03408855778082
ZKSCAN1,-0.22187364203315,-0.0290656251909783,-0.250957797914362,0.804218174264482,0.86393744141612,-6.03440798850776
PROX1,-0.220229123899075,-0.0506242253437965,-0.246730274534396,0.807446320780124,0.86393744141612,-6.03544740238756
ELF5,-0.228747981487739,-0.0339035668968663,-0.243675833527257,0.80978088942317,0.86393744141612,-6.03618746912729
ATF6,0.260782464843029,-0.130370712482589,0.242765983354211,0.810476657164622,0.86393744141612,-6.03640614684792
ZNF24,-0.221429924531808,0.0307629106643473,-0.242738061053706,0.810498012050174,0.86393744141612,-6.0364128449632
NFYA,-0.201912616322039,-0.0614988820136292,-0.220140964602695,0.827828278036032,0.878740722509156,-6.04158223466167
TGIF2,-0.202869771272883,-0.0238104247484222,-0.216765346326572,0.830425081408997,0.878740722509156,-6.04231133412759
UBTF,-0.228411055238721,-0.00316614697066088,-0.210018723148156,0.835621056723848,0.881035244589274,-6.04373492688127
CEBPB,0.184135422939105,-0.041533964998338,0.202765726465875,0.841215594574245,0.883731906213376,-6.04521537758932
FOXP2,0.161366934990954,-0.0113804692574345,0.177511044189395,0.860760775516031,0.901012178687644,-6.04996575303466
NRF1,-0.15600128434264,0.0360151312975632,-0.172787076097724,0.864427328606337,0.901606998653921,-6.05078450045871
CTCFL,0.19808798508191,0.0838038703837016,0.165025202636042,0.870458535398248,0.904655120717465,-6.0520819556641
RFX5,0.122005399140726,-0.00893471669032657,0.138556764609947,0.891083809521579,0.922794977120212,-6.05605906307344
IKZF1,-0.104401194768233,0.0135562281874229,-0.11802824846975,0.907135767057117,0.932861417859283,-6.05866697261177
SMAD3,-0.108574383408531,0.118898801410402,-0.11792610629227,0.907215743141502,0.932861417859283,-6.05867890679609
CTCF,-0.0895271702161893,0.0386588021982165,-0.0903310393459732,0.928856411740344,0.951750759917043,-6.06152501910389
KLF6,0.0666099858277385,0.213811593691597,0.0759992696563379,0.940119075122907,0.95991105565181,-6.06270582329774
MEIS1,-0.0690136426903797,0.0285772939704963,-0.0688285422032146,0.945759181691916,0.962293433120097,-6.06322029093709
GLI2,-0.05993575750889,-0.0389077612869633,-0.0594221982941399,0.953162072006236,0.966446560814686,-6.0638179415402
JUND,0.0451395680095216,0.0815334012454965,0.0470604743555494,0.962897352469489,0.97292753322438,-6.06447009725211
ZNF384,0.035469389097027,0.140964165778982,0.0345134272595912,0.972784633990755,0.979516707582387,-6.06497721736902
ELK1,0.0186937533031561,-0.0608991421671774,0.0217728804451462,0.982828972601335,0.986218038024098,-6.06533254364378
IRF3,-0.0110983859738518,0.00945046149994366,-0.0102861146581536,0.991887407868784,0.991887407868784,-6.06551501539938
